iso3,period,admin_level,service,admin_name,pop_total,pop_covered,pop_coverage_pct,area_coverage_pct,tiles,tests,devices,d_median_pop,d_mean_pop,d_median_tile,d_p10_pop,d_p90_pop,divide_ratio,u_median_pop,lat_median_pop,pct_above_bb,pct_above_hi,density
NAM,2026Q2,ADM2,fixed,Aminius,41112.36878967285,7910.648796081543,19.241530052796772,0.9154719990699588,8.0,36.0,17.0,10.012320005015379,11.242814685951105,9.983,8.412893284068794,15.242362292422822,1.8117860024786905,8.144016137437019,42.0,53.27543230586031,0.0,138.220691153605
NAM,2026Q2,ADM2,fixed,Anamulenge,31797.975600219866,3127.785390853882,9.83642930662622,0.024302259360887837,10.0,17.0,12.0,15.765198406100245,15.754537292384448,13.777999999999999,11.689500636320524,19.448017840494753,1.6637167356890925,11.112274786555732,38.01454728716054,99.01843452526631,0.0,2.2848354936843647
NAM,2026Q2,ADM2,fixed,Arandis,32592.92998156554,2792.0847449302673,8.566534970956775,0.15324616271095642,25.0,77.0,35.0,4.506428815202206,19.05492345699496,37.276,3.6872216814072796,44.10419730053703,11.961363083465068,3.2807724958356226,39.11222166227103,38.05360425155477,31.57055442626218,5.9183142921562055
NAM,2026Q2,ADM2,fixed,Berseba,33001.199774854744,352.0173225402832,1.0666803781131093,0.016486826006107475,3.0,6.0,3.0,12.344871838867926,12.344871838867926,10.333,3.512,23.956,6.8211845102505695,11.100113939168644,75.25121262102087,43.205203672803385,0.0,5.363258943915851
NAM,2026Q2,ADM2,fixed,Daures,14908.28280128819,1018.4461302757263,6.831411396272445,0.007506865156075998,8.0,33.0,14.0,4.256426262808658,4.707293350174618,12.499500000000001,2.349,8.687377635399363,3.698330198126591,1.1052724309500137,122.54828560621466,1.9817163528464528,1.3488620581054735,0.46932809772228035
NAM,2026Q2,ADM2,fixed,Eenhana,26165.373046875,26165.373046875,100.0,94.58168429715646,6.0,341.0,30.0,10.11948530591887,11.389072296830687,10.354,4.46,23.367,5.239237668161436,7.4947262815576,40.42386755807569,48.91313990442754,0.0,12927.595747480971
NAM,2026Q2,ADM2,fixed,Elim,21605.234816484874,152.90105628967285,0.7077037467466393,0.08417309936704252,2.0,14.0,2.0,13.225761950887197,13.225761950887197,15.2045,11.244,19.165,1.7044646033440056,11.672205422815152,29.248663848477417,100.0,0.0,26.797766303024094
NAM,2026Q2,ADM2,fixed,Endola,11259.746540171021,185.91466188430786,1.6511442883818594,0.00983811770684495,6.0,24.0,14.0,1.1929486749200153,4.441763485330867,1.193,0.8779866359743509,14.598,16.626676764618157,0.9312609851306239,602.9888545404656,23.80803849934535,0.0,0.5567631550981125
NAM,2026Q2,ADM2,fixed,Engela,13631.723591110798,3080.721745684743,22.599649450739093,0.06963508308857021,36.0,133.0,64.0,4.0183561841418465,18.370757586283556,8.256499999999999,3.351592202581286,69.00938786772599,20.590031154320393,0.9667992169854158,61.0255076705574,34.1854462494825,19.781696192826345,0.7964106840015934
NAM,2026Q2,ADM2,fixed,Epembe,41156.00234872199,1005.0119667053223,2.4419572100071347,0.21079988718194687,4.0,16.0,6.0,12.147234296785946,11.4795482581755,6.317500000000001,2.7648074334071033,13.843,5.00685864510322,6.119623344930383,34.26644189933835,62.89636220642302,0.0,63.89959115036401
NAM,2026Q2,ADM2,fixed,Epupa,25223.46240234375,25223.46240234375,100.0,114.82044189283265,9.0,123.0,48.0,6.763466568160185,8.81992914074655,7.528,4.281,18.646171355848896,4.355564437245713,2.6495580552621236,47.32262331049872,30.399539263962865,0.0,10085.324183858307
NAM,2026Q2,ADM2,fixed,Etayi,16651.914931833744,1135.1743335723877,6.817079826670601,0.7673600704568178,8.0,18.0,11.0,8.014456922274443,10.557064282643356,9.605,1.725,23.082503731222886,13.381161583317613,5.397691868512121,34.18299429562093,16.23925213566918,8.66799940299538,46.96914990462878
NAM,2026Q2,ADM2,fixed,Gibeon,14711.281713179507,111.30399799346924,0.7565893996425511,0.02182984436724647,9.0,14.0,9.0,1.7587517778854365,5.568823070538322,1.562,0.7870421193207447,15.549,19.75624889481078,0.8102270401024261,73.57393206160233,28.624269851656532,0.0,1.1336664276810404
NAM,2026Q2,ADM2,fixed,Gobabis,20899.351655960083,2492.6503677368164,11.926926771558302,2.5956279182839523,13.0,35.0,18.0,10.270210899007953,10.146753504000127,8.515,2.978306382779138,16.322,5.4802958132096204,6.1648920373508025,46.26870291122402,62.380336951831495,0.0,122.68895602745975
NAM,2026Q2,ADM2,fixed,Grootfontein,24302.057202583117,385.4224853515625,1.585966497151505,0.012463351148884952,3.0,21.0,3.0,3.4236950387471636,4.003020724119013,3.498,3.032,6.152,2.029023746701847,0.42719490770203283,73.63114729113276,0.0,0.0,2.985277015501141
NAM,2026Q2,ADM2,fixed,Hakahana,485.7848205566406,485.7848205566406,100.0,74.99444082743958,1.0,1.0,1.0,13.75,13.75,13.75,13.75,13.75,1.0,8.415,25.0,100.0,0.0,1140.6894027763767
NAM,2026Q2,ADM2,fixed,Kabe,16590.596137066474,1100.6791269779205,6.634355498045058,0.23514873959396923,14.0,60.0,44.0,17.486365088649364,24.963925567612556,34.687,12.080931107325508,46.40939243158125,3.8415410219035198,13.10849476666957,37.25810188511232,94.00541347473963,47.15410599951371,8.221983114562077
NAM,2026Q2,ADM2,fixed,Kahenge,52573.488646117425,38699.34895731299,73.61000754164515,0.3272889783552209,59.0,647.0,165.0,9.725435350047928,13.68814872423805,11.996,3.165056214443499,30.426191585534074,9.613159932732446,5.9198560408895355,43.088551864358685,49.38077444347269,15.742905199484367,8.888135505496571
NAM,2026Q2,ADM2,fixed,Kalahari (1),46043.82656317949,2210.956817626953,4.801852892467934,0.34652086028667606,5.0,8.0,5.0,4.308410924279912,6.604443658515959,4.328,3.365484355250964,12.986055357180579,3.8585992345854208,0.6151159258373321,49.716139081905744,30.90663284150579,0.0,93.93921971591966
NAM,2026Q2,ADM2,fixed,Kalahari (2),53761.500144958496,24299.56830596924,45.19882860494907,7.319418213401168,44.0,412.0,139.0,13.51438858631782,17.875990353513473,11.877,7.317230667205903,40.75081805708962,5.5691585943470585,10.176593372433889,36.0,63.58887854819959,23.902454102278515,263.78889647810104
NAM,2026Q2,ADM2,fixed,Kamanjab,149783.1299709688,92274.00196254253,61.60506993039018,20.906218188529536,35.0,282.0,96.0,4.886782490392087,8.85069878190767,9.641,2.345155347155907,18.670832819930737,7.96144820110695,4.7037363986390925,61.7609483047359,17.307019061364013,3.8237450463869593,2802.553593081603
NAM,2026Q2,ADM2,fixed,Kapako,20536.65237043351,13183.484505176544,64.19490512561202,0.1327885840094626,30.0,203.0,75.0,8.717554128402243,8.841078949174387,7.9215,2.012478805219929,17.65805097504847,8.774279226815883,5.2557658982585345,55.17278816501827,41.72113049290713,0.12387858151751846,2.750402823523752
NAM,2026Q2,ADM2,fixed,Karibib,28994.758920767974,23690.853352069855,81.7073644820026,2.739324366623479,48.0,868.0,194.0,7.90635415676583,9.123466773307678,8.2325,3.4440409708651822,17.06875330575119,4.956025044459133,2.520541689032892,48.32441374671133,25.27108145837358,1.0334846442352486,55.334481504740545
NAM,2026Q2,ADM2,fixed,Katima Muliro Rural,32259.240810108484,3236.7719497680664,10.033627166928921,0.14276935347941905,8.0,24.0,11.0,3.3713747385871047,4.116081049073608,3.3434999999999997,2.251689541492511,8.364906883317591,3.714946811794041,6.082232052415897,119.77425446602066,3.5150125914032335,0.0,16.95091634111974
NAM,2026Q2,ADM2,fixed,Katima Muliro Urban,29009.718351364583,16193.634948730469,55.82141388824873,23.352917222087058,17.0,65.0,28.0,8.24627826437587,12.970347403025402,9.806,0.9286982666828444,39.16512049637649,42.172061584940586,7.669414868954888,141.144681786991,37.203324489619504,17.079383090796288,1171.7083585657847
NAM,2026Q2,ADM2,fixed,Katutura Central,29668.662276629304,24029.685276031494,80.9934908826686,2.5656999047956957,23.0,288.0,85.0,7.531527942537939,8.216885020418584,6.558,4.207125791217181,15.431723464766023,3.6679966871875744,2.066176396503084,38.52557140437246,14.817046750868263,0.0,104.94696575390213
NAM,2026Q2,ADM2,fixed,Katutura East,17426.353163004922,15404.325679779053,88.3967261290302,2.127822131824204,22.0,531.0,133.0,12.983837841592337,13.383912750497588,13.3995,8.21369500340092,20.62045133224828,2.5104963507544755,6.911847818306225,32.0,81.15735271248123,0.7520537139375681,53.44865393162934
NAM,2026Q2,ADM2,fixed,Keetmanshoop Rural,14466.955244030372,1947.967617034912,13.464945347354409,0.007451209366783522,4.0,11.0,5.0,7.734690440463389,8.548330475655243,8.8355,6.888,10.416,1.5121951219512195,4.7505336277215875,35.81007128545155,43.424312248830546,0.0,0.8284678236044417
NAM,2026Q2,ADM2,fixed,Keetmanshoop Urban,12065.523669983679,727.4487901330359,6.029152235992588,0.018349753954665884,10.0,24.0,10.0,9.066443646865231,7.629629580877276,11.130500000000001,2.667669131801334,13.622970831522753,5.106694330688563,0.7873568450163018,27.87544214930663,45.58007124186885,1.4993652030093336,0.6896590359766553
NAM,2026Q2,ADM2,fixed,Khomasdal North,31366.0887278667,22165.205132246017,70.66614305835874,0.09755365743083262,28.0,426.0,121.0,19.398096200617317,19.230905588858967,18.939500000000002,6.031119508809062,33.66104166127273,5.5812261077080905,10.029385849466387,36.34933242589586,81.54839544300651,17.55672686280145,3.446254676500912
NAM,2026Q2,ADM2,fixed,Khorixas,117512.78632974625,85826.05346679688,73.03550204823247,28.221957792064426,17.0,346.0,72.0,10.686004610656347,11.236481174282238,9.676,5.161213626112795,18.645602754516503,3.612639217291916,6.8384024048931895,36.09535000665693,50.8649066921558,8.602142466088031,6113.957543244724
NAM,2026Q2,ADM2,fixed,Kongola,10758.058731573843,29.210801668465137,0.27152483916763076,0.013685926368730159,2.0,9.0,5.0,15.052688996204896,15.052688996204896,17.249,14.976,18.689488996204894,1.2479626733576985,21.952169190780538,170.16869554818499,100.0,0.0,2.171975437614614
NAM,2026Q2,ADM2,fixed,Luderitz (1),14224.127664038433,1287.6369672864676,9.052484607136105,0.07085381810468694,57.0,315.0,91.0,18.456537645302888,21.598817223409743,16.352,0.17867078273025136,45.73044085731602,255.9480635754401,11.869527662213777,13.783634257167959,66.95029005296772,40.832500660877784,0.5439347074864578
NAM,2026Q2,ADM2,fixed,Luderitz (2),14653.994731318366,1020.4312216825783,6.963502037445962,0.05619022663231443,22.0,68.0,29.0,5.634364411386486,9.386946599078215,8.5285,1.9376898809548304,27.064071787387864,13.967184353593037,0.9589909581475505,44.30287624394197,20.116784544124844,10.54251040356015,1.1309960104353698
NAM,2026Q2,ADM2,fixed,Luderitz (3),15480.135577138706,2348.3587197735906,15.170143104183671,0.10805110721730114,33.0,109.0,57.0,4.020598503805288,27.790378973733137,9.504,1.561155517577855,84.673,54.237389578823525,4.006835945532563,27.022058047203515,43.92071608776091,35.568243797179605,1.5162414366862091
NAM,2026Q2,ADM2,fixed,Luderitz (4),25587.81417925745,5261.035377502441,20.560706516960938,0.037622035792576246,9.0,105.0,15.0,11.42481632290151,8.984197403010139,5.351,2.494386977263128,13.121915806491614,5.260577418861103,14.162749470227721,82.18868920059786,59.06441420553313,0.0,3.1493493415573863
NAM,2026Q2,ADM2,fixed,Luderitz (5),98869.04723851861,31364.329513549805,31.7231028209307,0.29214631937927366,23.0,106.0,45.0,5.537258651469676,6.58060814954274,8.351,2.1370916954032695,13.07796819762002,6.11951664299187,1.7025115429130646,44.79485590939123,17.72372676322638,0.0,37.09849750804248
NAM,2026Q2,ADM2,fixed,Luderitz (6),35670.95127210786,20404.898704648018,57.20312460689321,0.20852153568489945,37.0,185.0,68.0,13.367015232329495,19.706489675750465,12.353,4.4831400915679955,41.284468834212134,9.208828631490016,8.355881880177733,18.12725885110081,66.12279208467149,39.435795270470706,6.297832085539058
NAM,2026Q2,ADM2,fixed,Luderitz (7),40741.293163034774,25608.03949269653,62.85524465367515,0.394097756426877,72.0,1044.0,260.0,10.961473766090437,15.451109165467438,12.8015,3.5625504929206877,34.45070667940379,9.670236744114199,7.597988774638396,23.714132467332394,54.68184443191101,10.155564655321946,6.931954340957121
NAM,2026Q2,ADM2,fixed,Mariental Rural,9258.765527462161,4777.168221127242,51.59616805240201,0.011680016773836694,19.0,122.0,50.0,7.617442507849906,9.325172744902378,6.999,2.813307631343792,16.50320553810629,5.866121910821193,3.4672876208994525,65.17252869015422,24.80633610582401,5.79260857983149,0.1904517961377288
NAM,2026Q2,ADM2,fixed,Mariental Urban,13194.52839628294,1282.4627685546875,9.719655981914238,0.001192545780791907,1.0,3.0,1.0,7.892,7.892000000000001,7.892,7.892,7.892,1.0,0.812,88.0,0.0,0.0,0.47412312738765744
NAM,2026Q2,ADM2,fixed,Mashare,35407.653941844816,1907.5895593166351,5.387506222382735,0.022563259084465187,9.0,104.0,19.0,7.250077126805902,8.31669302911499,5.806,1.507,26.18556815058622,17.375957631444077,4.39568892124145,32.45542533350226,7.431752459117096,7.431752459117096,2.6442857565189244
NAM,2026Q2,ADM2,fixed,Mukwe,32381.803169646366,28087.731965065002,86.73924616833418,4.7946103266103135,39.0,493.0,137.0,10.922069437378507,15.68834514478558,13.394,4.46878840313461,33.36721648739815,7.466725536611418,9.259530740555805,42.66123519054207,59.87802217019318,13.405351604878046,119.4371115617076
NAM,2026Q2,ADM2,fixed,Ogongo,46904.53553146124,2043.0010566711426,4.355657791986446,0.47034198484966955,10.0,18.0,14.0,21.54865286647061,43.60850018281129,12.613,4.939117235316732,180.4868034996178,36.54232019622099,13.622293992462613,28.565569979800117,79.03384108807329,29.316578628957767,64.87765027427666
NAM,2026Q2,ADM2,fixed,Ohangwena,16869.12294354666,1743.7641849517822,10.337017465504127,0.876106960764611,11.0,65.0,14.0,8.629508799020902,10.139337778959035,8.677,3.3018178777681793,19.633,5.94611838896174,6.979823087042694,56.4285602114269,33.81895976010806,0.0,39.61096281859474
NAM,2026Q2,ADM2,fixed,Okahandja,6692.371468804104,877.5723641142249,13.113025303585593,0.05229964492672005,20.0,132.0,23.0,8.620197097700304,9.208055410179004,10.0195,3.9321920830500736,10.82949917515805,2.754061588659209,4.8565369281652835,25.473634198779692,12.717468864947712,4.6338724045373,0.5472831038159753
NAM,2026Q2,ADM2,fixed,Okahao,29024.574541270733,8004.194538116455,27.57730187133355,2.456806185146132,27.0,104.0,42.0,7.578862442242995,11.375486777921562,6.516,3.3924882866525903,24.390568381354456,7.189580720828642,6.951591286215738,42.724685628614715,45.58315278049591,9.136380246619664,77.99895080264227
NAM,2026Q2,ADM2,fixed,Okakarara,40783.4697265625,40783.4697265625,100.0,84.73448298970521,5.0,186.0,42.0,7.66698275196798,12.857275049530942,8.318,6.758176217015982,32.9281703170811,4.872345623982599,5.86177833910819,38.0,28.607653565357605,14.303826782678803,21661.214727314804
NAM,2026Q2,ADM2,fixed,Okaku,8252.777076978171,99.44489288330078,1.204987023831176,0.057922435762350614,1.0,1.0,1.0,3.462,3.4620000000000006,3.462,3.462,3.462,1.0,1.375,41.0,0.0,0.0,14.044957695202925
NAM,2026Q2,ADM2,fixed,Okalongo,20519.80725669861,709.6706962585449,3.4584666774921864,0.7002697724927557,5.0,12.0,5.0,3.582474998025317,3.7292351204497254,3.638,2.2981330178312174,6.409373450323951,2.788947985427133,0.35200918153584226,64.81416549693728,0.0,0.0,84.78363197838371
NAM,2026Q2,ADM2,fixed,Okatana,36617.14936613381,7068.678894042969,19.30428505879432,0.5613621412979671,21.0,258.0,36.0,11.141407663813784,14.390004697630914,11.069,8.522205083524856,19.357975715919117,2.2714749910609395,8.69837717520711,33.77896032520137,73.28615120787647,9.371418560236227,28.783561718311407
NAM,2026Q2,ADM2,fixed,Okatyali,17821.873562613382,760.0139808654785,4.2645010256375695,0.30560998599522643,4.0,6.0,4.0,3.352703106386226,3.6108329995258566,3.609,2.865,3.9551568476163403,1.3805084982954066,10.131076546034794,29.417822158350823,0.0,0.0,40.23127690130317
NAM,2026Q2,ADM2,fixed,Okongo,19327.83489297929,43.571495056152344,0.22543391589080372,0.05573464091962961,1.0,6.0,2.0,9.607,9.607,9.607,9.607,9.607,1.0,0.691,75.0,0.0,0.0,31.792515754864212
NAM,2026Q2,ADM2,fixed,Omaruru,15264.290503630871,1376.4876765534282,9.017698374031909,0.028736566776500574,47.0,516.0,113.0,48.54595916173734,37.84318020812887,14.205,3.498835345471752,52.31695903611049,14.952678211571152,13.310738447661466,38.0,85.35984672516942,69.46171009939499,0.3025234570632733
NAM,2026Q2,ADM2,fixed,Omatako,16516.01600372879,6147.51767256856,37.22155313473083,0.02453583763097004,16.0,123.0,32.0,7.276872735385332,7.900103501462665,5.9559999999999995,4.954468685455289,12.787492272103124,2.5810017347860224,5.731177356412839,58.12042410710288,21.12865836330832,0.0,0.7716936902475459
NAM,2026Q2,ADM2,fixed,Ompundja,12696.077994272113,3973.0976753234863,31.293897825107607,2.3854913523790016,17.0,34.0,21.0,9.482953084337343,11.312550563835316,7.644,3.2705939126515307,19.278,5.8943422860990315,9.319210476403809,38.86811908434412,47.77808136547408,0.0,52.645156679981895
NAM,2026Q2,ADM2,fixed,Omundaungilo,12311.800447757441,4076.447784423828,33.11008655250208,0.9803761825134895,8.0,27.0,15.0,9.698387044828614,10.674291512461338,8.3335,3.909,17.27530932640194,4.419367952520322,5.663274393875869,29.429488218581895,52.14419894209216,0.0,44.43939151797989
NAM,2026Q2,ADM2,fixed,Omuntele,23494.005477856354,274.68489837646484,1.1691701469779674,0.025284174724800657,4.0,7.0,4.0,4.996381844674731,8.594505621578614,2.851,2.190936250018642,35.588118625198874,16.243338264587145,2.9484704239566017,75.07465036506264,15.465752370346003,15.465752370346003,4.362278724734319
NAM,2026Q2,ADM2,fixed,Omuthiyagwipundi,15032.567455741524,10041.036875551566,66.7952224735669,0.16909295425501264,25.0,189.0,60.0,16.765624449594885,19.122679098083374,17.897,7.7653939487973735,37.72461405844334,4.858042529096125,9.053452444441609,60.876309013711044,76.1416351496785,21.552978368795582,3.5150150316060795
NAM,2026Q2,ADM2,fixed,Onayena,9831.224346480023,69.21516461484134,0.7040340264396792,0.007929268634760315,10.0,52.0,13.0,4.205980620379018,5.5225703280794765,1.7345000000000002,1.2552382856330142,12.62311511292072,10.056349664760988,0.5916249471849537,123.0,20.740220375094875,0.0,0.2594691039593417
NAM,2026Q2,ADM2,fixed,Ondombe,38792.042193867295,1008.8481521606445,2.6006574934075917,0.15501325965777402,3.0,5.0,3.0,5.263343034369176,5.117546058807588,4.337,1.6117998161912337,6.445,3.998635522387556,1.0775065168897562,38.847816659787256,0.0,0.0,58.900908402661976
NAM,2026Q2,ADM2,fixed,Onesi,52941.72319602966,28500.994033813477,53.83465500033232,9.071242197741407,56.0,369.0,124.0,13.596119058528291,17.81563716462035,9.846,5.7391554325019465,44.08106049915969,7.680757389758104,9.23050783908024,34.0,63.48966188770727,17.120501011604794,253.28055006979412
NAM,2026Q2,ADM2,fixed,Ongenga,26499.3679460812,266.7300109863281,1.0065523507166247,0.10727605091158908,1.0,2.0,1.0,3.202,3.202,3.202,3.202,3.202,1.0,0.919,110.0,0.0,0.0,83.53850382186768
NAM,2026Q2,ADM2,fixed,Oniipa,20530.242872705006,7991.914293169975,38.927519478082935,0.036362180941064505,48.0,282.0,84.0,9.673085471820793,17.190055329673292,9.666,3.1336924373365838,40.75263613680672,13.004670034383965,3.573666024866649,37.90836261313701,47.625295339017505,12.636711168255882,0.536041562708252
NAM,2026Q2,ADM2,fixed,Onyaanya,19831.924344653504,3081.736051857476,15.539268899481671,0.04671838091081798,63.0,226.0,88.0,9.656784122874605,12.34420999326054,3.226,0.6302126831106581,21.892059134427107,34.737573078298574,3.944934564339671,65.04781599803442,47.20825172935154,6.721854432089004,0.4746256358997953
NAM,2026Q2,ADM2,fixed,Opuwo,73050.24237060547,72562.5210571289,99.33234812418252,83.1521051840955,54.0,1585.0,452.0,15.104104459414783,24.94564211018025,22.3545,8.1099893974827,46.19069143592844,5.695530434388213,9.919343498407736,35.16597407644541,77.13334060049432,33.12848598810257,3547.8684440753727
NAM,2026Q2,ADM2,fixed,Oranjemund,12512.440933555321,3599.401510317068,28.76658143227953,0.1539426936694615,40.0,348.0,65.0,18.99022439552191,20.917635376350976,18.537,5.045022119027216,49.03041756050799,9.718573358794721,12.552664107528082,17.43706732492098,77.90677477140052,20.248003067927915,1.4850153894703702
NAM,2026Q2,ADM2,fixed,Oshakati East,21291.912520259168,305.3857650756836,1.4342805738334228,0.03755521850231505,2.0,3.0,2.0,1.880190557931851,1.880190557931851,1.9264999999999999,1.707,2.146,1.25717633274751,1.7841372119628787,22.78902304296971,0.0,0.0,11.762627724708434
NAM,2026Q2,ADM2,fixed,Oshikango,31690.42645049095,6820.692481994629,21.522880080678,1.4978057141017247,13.0,89.0,22.0,8.636435701221535,7.539620751734006,3.59,2.7854743832977946,13.885263644537813,4.984882908202765,5.959467894170709,58.15477992454314,28.356630470321036,0.0,107.28350613744948
NAM,2026Q2,ADM2,fixed,Oshikuku,14570.716078191996,87.12030029296875,0.5979136497166517,0.11297399859083879,1.0,1.0,1.0,2.205,2.205,2.205,2.205,2.205,1.0,7.232,64.0,0.0,0.0,48.645077504039826
NAM,2026Q2,ADM2,fixed,Otavi,4488.908452240039,167.35040283203125,3.7280867857423257,0.0057295777242154745,1.0,15.0,14.0,2.372,2.372,2.372,2.372,2.372,1.0,4.414,23.0,0.0,0.0,0.7710352419425551
NAM,2026Q2,ADM2,fixed,Otjinene,35624.70981121063,17976.088096618652,50.4596056834737,5.834454960928128,32.0,252.0,83.0,9.61507298033377,16.078625076353088,9.571,4.394321570228636,48.070591385960356,10.939252081967968,5.141208904980335,67.49379908402989,40.24145788524244,16.629890944113455,191.58058024263426
NAM,2026Q2,ADM2,fixed,Otjiwarongo,30714.660379850364,160.69071197509766,0.5231726803676952,0.037548306289484065,2.0,10.0,3.0,59.69088183027553,59.690881830275515,55.848,3.106,108.59,34.96136509980683,46.91058194816052,33.443502587330876,53.64309452644525,53.64309452644525,17.084771433916618
NAM,2026Q2,ADM2,fixed,Otjombinde,25088.104606797202,14322.446533203125,57.08859540278981,3.098806863433848,22.0,227.0,57.0,9.87267914940494,25.816264163425995,9.747,4.333173908204616,103.5537233639865,23.897892297355867,5.652329922991145,34.341733628492996,44.81856873177609,14.913391771456656,104.20933868920241
NAM,2026Q2,ADM2,fixed,Outjo,83820.85149267357,78540.74286842346,93.70072180105255,14.605654471136603,88.0,2118.0,713.0,22.593315803335,20.789966798002947,20.7085,4.613917253131493,36.18688990521875,7.842986321581404,13.747303943408795,27.0,70.40070612096514,41.4528027225269,436.8415287065179
NAM,2026Q2,ADM2,fixed,Rehoboth East,28370.294501401248,2913.68709564209,10.270203911694251,0.013435713713598758,6.0,15.0,6.0,6.0776263739832626,6.536818277615643,6.8294999999999995,3.3037497590946443,8.448,2.5570943975838776,0.19625443912479074,43.02125161797296,0.0,0.0,1.9379716502370683
NAM,2026Q2,ADM2,fixed,Rehoboth Rural,31334.75241816394,14041.205392301083,44.81032817786606,0.14156222661924914,48.0,397.0,89.0,7.232029852313941,13.050079811836508,5.531000000000001,2.5661662575067634,39.63208707666895,15.44408393678074,1.8748524320973594,61.08130258526678,26.564683259142267,14.191781382909713,2.7814699136661853
NAM,2026Q2,ADM2,fixed,Rehoboth West,31877.82155587821,309.60101318359375,0.9712113252183755,0.01158461845687045,3.0,4.0,3.0,4.728,5.01042447437636,4.728,1.553,9.029,5.813908564069543,1.2808197563742973,62.0,0.0,0.0,3.631227070403617
NAM,2026Q2,ADM2,fixed,Ruacana,36521.94828438803,71.51242478191853,0.19580670840741485,0.07182448794719273,5.0,11.0,5.0,8.843849255833058,10.415402236565201,4.8,2.544,18.794,7.387578616352202,1.653766729695851,35.25390828190251,36.729773574214455,0.0,15.478020509943864
NAM,2026Q2,ADM2,fixed,Rundu Rural,36818.062374106055,3469.276927947998,9.422758027559652,0.04431490095738272,6.0,41.0,10.0,12.724513503339631,13.1853418557944,12.707,9.600246333017303,16.004,1.6670405575905711,9.890399125572793,34.150955905680455,83.56647408080916,0.0,8.0020450844785
NAM,2026Q2,ADM2,fixed,Rundu Urban,29325.85478286445,24915.563262939453,84.9610810918221,32.86457980626978,15.0,212.0,57.0,12.866819535508876,12.61474929907718,13.727,2.8797112472464064,25.05850637862283,8.701742719025699,11.712535889609958,40.009463801098235,58.59510202656416,9.282318625083285,1897.8499411619619
NAM,2026Q2,ADM2,fixed,Sesfontein,15105.04944263755,2210.6481525301933,14.6351599902091,0.02739176575614905,15.0,45.0,23.0,5.183801280051322,10.558373007318359,8.812,0.673,28.79547549717275,42.7867392231393,0.8814210384506701,78.58797504306895,26.681738075213346,13.017036018115297,0.850131725262488
NAM,2026Q2,ADM2,fixed,Sibinda,20367.11426389358,18.980955362319946,0.09319413205222209,0.044773658602950864,5.0,10.0,6.0,2.971739471307692,5.038096481818019,11.844,1.464,20.55613795419265,14.041077837563286,3.2588477584047375,124.9484725582487,12.162848043270808,0.0,5.386422357216901
NAM,2026Q2,ADM2,fixed,Soweto,15942.107670973468,11681.794128537178,73.27634695258494,0.0947473260483482,40.0,339.0,124.0,9.679410261073416,13.163985876872008,11.8905,3.8740356873812023,21.98854693673161,5.675876195037217,7.193213279536437,34.843709350806506,46.08217198462848,6.902500419896334,1.180107158403428
NAM,2026Q2,ADM2,fixed,Swakopmund,4982.148852647109,3341.6570720672607,67.07260603608371,0.15675202802839558,30.0,182.0,75.0,8.68277406248893,12.497753060203312,10.0245,3.8434371722503533,27.364051104249356,7.119682169339991,7.6174757444555325,31.706212190079547,43.92640615513586,10.111493496892146,0.842091214831853
NAM,2026Q2,ADM2,fixed,Tsandi,52464.01766362786,8008.477432250977,15.264704818447552,0.44603381749084814,13.0,42.0,25.0,9.26573040691647,11.000803745015633,9.597,4.038186296798672,23.528474579921717,5.826495572671879,7.47350749914249,36.0010262678477,24.008685544035913,11.623532548251038,52.92905677013445
NAM,2026Q2,ADM2,fixed,Tsumkwe,43810.98242460253,11469.209788560867,26.178846384691454,0.009177976003970073,7.0,15.0,10.0,0.900019494411398,10.154133192059158,5.431,0.511,39.52718798298146,77.35261836199894,0.8597752355897892,177.3202907937273,38.761121666686215,10.084225103029638,1.701499991507729
NAM,2026Q2,ADM2,fixed,Walvisbay Rural,40604.09682421036,7894.623783111572,19.442924238138378,0.025713861141208216,9.0,17.0,11.0,11.118252253689672,18.828623188503776,11.095,2.4100448088052433,48.31348097225878,20.046714814489167,6.247591039176995,19.57966618432043,51.87808286108364,30.1764118894077,3.7138671324134087
NAM,2026Q2,ADM2,fixed,Walvisbay Urban,31847.55907757343,12492.760661549915,39.22674460268802,0.19219037835516742,221.0,2034.0,659.0,31.22285288025192,32.37202489072834,20.799,5.682315378458615,58.63779148194466,10.319348289649271,22.353558697431964,17.0,80.62289824737555,61.987119581014625,0.8703094203160087
NAM,2026Q2,ADM2,fixed,Wanaheda,17678.530696741112,7436.433269709362,42.06476995896614,0.12167032266094685,55.0,351.0,99.0,12.34978153045014,17.991615392122636,12.173,4.955238890389512,34.50238166156922,6.962808943174306,8.617687783525419,37.74925518383564,59.89215068282457,23.528147639085564,1.2160680239449877
NAM,2026Q2,ADM2,fixed,Windhoek East,84557.65445232441,81326.05541992188,96.17823004512906,54.08094160026746,44.0,1401.0,341.0,11.882969103283456,14.18881360798033,11.873999999999999,4.910150480131261,20.681495247995834,4.211988070769466,7.188977609945996,30.491007649749182,75.18811441384392,5.5170822379301345,3258.509940333852
NAM,2026Q2,ADM2,fixed,Windhoek Rural,83241.94663734961,80718.81225776672,96.96891473408817,16.813255131728294,110.0,4028.0,1208.0,20.192797551951124,24.647172065005748,22.477,10.451440513702288,37.90148359691037,3.6264363316444173,14.003276345927981,19.62729378613717,91.4426825796966,38.91911200482548,399.13822994316564
NAM,2026Q2,ADM2,fixed,Windhoek West,33529.95826476737,32437.623460307717,96.7422124542056,18.122626699747908,95.0,3492.0,1258.0,30.40681641240049,34.36978889471201,32.411,22.303860328284514,44.646439699605935,2.0017359794433345,22.9915844438854,14.12572504730656,99.46965025482916,75.39568888812805,200.6663070448199
NAM,2026Q2,ADM2,mobile,Aminius,41112.36878967285,1440.177261352539,3.50302671373755,0.22879382476850127,2.0,2.0,2.0,5.119252159030369,5.119252159030369,25.527,0.63,44.95445215903036,71.35627326830216,12.729810487159842,110.34497716056322,9.015648791079988,9.015648791079988,138.220691153605
NAM,2026Q2,ADM2,mobile,Anamulenge,31797.975600219866,394.5245056152344,1.2407220842464777,0.0024332318834717763,1.0,2.0,1.0,3.61,3.61,3.61,3.61,3.61,1.0,9.442,115.0,0.0,0.0,2.2848354936843647
NAM,2026Q2,ADM2,mobile,Arandis,32592.92998156554,3417.9246711730957,10.486705776701461,0.05521232573972692,9.0,14.0,11.0,27.706501516543128,23.718657694010773,25.907,4.536072463320162,34.394561710449636,7.58245420208183,10.978813953663849,32.763232555527416,81.30586605946687,71.78122715633906,5.9183142921562055
NAM,2026Q2,ADM2,mobile,Berseba,33001.199774854744,59.34913635253906,0.17983932934995933,0.005504969325749281,1.0,1.0,1.0,59.473,59.473,59.473,59.473,59.473,1.0,18.848,25.0,100.0,100.0,5.363258943915851
NAM,2026Q2,ADM2,mobile,Daures,14908.28280128819,86.74494075775146,0.5818573601934627,0.0018784561011228479,2.0,3.0,2.0,3.4869240628240106,3.4869240628240106,3.1265,2.6429240628240107,3.654,1.3825595867085325,1.2797789804913908,28.158365817228425,0.0,0.0,0.46932809772228035
NAM,2026Q2,ADM2,mobile,Eenhana,26165.373046875,26165.373046875,100.0,78.81594760872102,5.0,21.0,12.0,123.60992706478694,122.72719340602308,152.058,62.899,195.68002527731377,3.1110196549597573,14.275118643194945,37.5166599218224,100.0,100.0,12927.595747480971
NAM,2026Q2,ADM2,mobile,Elim,21605.234816484874,26.24962043762207,0.12149657553174804,0.04210275647435223,1.0,1.0,1.0,19.597,19.597,19.597,19.597,19.597,1.0,9.561,189.0,100.0,0.0,26.797766303024094
NAM,2026Q2,ADM2,mobile,Engela,13631.723591110798,62.95147322118282,0.46180127406803695,0.01354612660590217,7.0,16.0,8.0,15.51813569458578,17.15905583813957,10.803,9.571828489874344,32.21,3.365083278923528,4.46444777505924,27.89864998770835,88.1080576763606,31.13968731616722,0.7964106840015934
NAM,2026Q2,ADM2,mobile,Epembe,41156.00234872199,118.79954528808594,0.2886566685497699,0.05282828719104293,1.0,1.0,1.0,72.976,72.976,72.976,72.976,72.976,1.0,2.612,26.0,100.0,100.0,63.89959115036401
NAM,2026Q2,ADM2,mobile,Epupa,25223.46240234375,25223.46240234375,100.0,102.061678075805,8.0,27.0,14.0,5.948856667908302,30.915987729179246,8.400500000000001,3.7524007097052428,116.19707454488503,30.966062404889723,4.726103940944893,49.761981576848974,30.721513968226606,30.721513968226606,10085.324183858307
NAM,2026Q2,ADM2,mobile,Gibeon,14711.281713179507,85.02570152285348,0.577962567644129,0.009708981379336094,4.0,10.0,4.0,9.354203811926663,9.354203811926528,3.6115000000000004,3.07908727059415,12.199,3.961888354546717,3.905137509460647,52.62525431257133,62.52902808123739,0.0,1.1336664276810404
NAM,2026Q2,ADM2,mobile,Gobabis,20899.351655960083,2073.8678283691406,9.923120403487323,0.599060177679812,3.0,3.0,3.0,26.617139219448113,22.873257362323585,25.812,9.866,28.363,2.8748226231502128,7.1164422869920445,25.346635031535442,73.63489329740506,73.63489329740506,122.68895602745975
NAM,2026Q2,ADM2,mobile,Grootfontein,24302.057202583117,562.0784111022949,2.3128840756845492,0.004154368523760064,1.0,1.0,1.0,76.077,76.077,76.077,76.077,76.077,1.0,41.019,26.0,100.0,100.0,2.985277015501141
NAM,2026Q2,ADM2,mobile,Kabe,16590.596137066474,976.03928399086,5.8830874787567575,0.10097249083855761,6.0,10.0,7.0,13.700160613638834,18.83248689308701,23.3275,5.864856887298187,44.885979660428305,7.653380214211212,15.761240565336463,29.74598744211055,39.08948196389136,32.74048238039741,8.221983114562077
NAM,2026Q2,ADM2,mobile,Kahenge,52573.488646117425,29426.8768825531,55.97284418508203,0.12206670397312004,22.0,51.0,31.0,43.94308734499312,57.236409182415315,16.1075,1.6582618179299058,134.26297905758048,80.96609208863526,13.984471731700266,32.2918094313726,64.37246657137922,64.10571516229349,8.888135505496571
NAM,2026Q2,ADM2,mobile,Kalahari (1),46043.82656317949,837.6199188232422,1.8191796411054015,0.2078714961401962,3.0,5.0,3.0,12.15603889266697,12.977045354724618,15.435,7.261,24.458085213358775,3.368418291331604,8.71686466179123,80.39297415271145,48.453994068851536,0.0,93.93921971591966
NAM,2026Q2,ADM2,mobile,Kalahari (2),53761.500144958496,12129.334777832031,22.56137709164997,2.8284019680428196,17.0,44.0,23.0,39.47442868133644,79.38125964701835,41.936,4.499978664354795,188.38801147273773,41.86420103832842,26.65713134061197,36.75785458607012,79.89449362269829,59.81882963702566,263.78889647810104
NAM,2026Q2,ADM2,mobile,Kamanjab,149783.1299709688,76931.08038330078,51.36164559934866,11.346589666547102,19.0,111.0,43.0,27.96035282105403,30.30187414651361,25.835,1.7096588743721122,62.43053087743853,36.51636698599697,11.717480506893786,40.30546232840324,71.19841614290166,68.3275559553548,2802.553593081603
NAM,2026Q2,ADM2,mobile,Kapako,20536.65237043351,7150.109878540039,34.816335932306124,0.04428991425383628,10.0,34.0,16.0,34.47773986360215,34.55870177903447,6.3605,5.594916815460098,63.292,11.312411263221826,26.51530747963984,34.01389496188017,75.94804115168574,73.51866777769146,2.750402823523752
NAM,2026Q2,ADM2,mobile,Karas,8577.916757943822,121.02675271034241,1.410910785515168,0.0034494783215368754,2.0,2.0,2.0,69.64564364993412,69.64564364993412,44.253,27.050443649934117,70.875,2.6201049016869864,33.602471944465286,23.06926731744793,100.0,97.69108941840229,0.4529984133344354
NAM,2026Q2,ADM2,mobile,Karibib,28994.758920767974,13579.157474517822,46.8331449543163,0.856087276670527,15.0,57.0,30.0,146.5688876264215,128.09711484666656,67.982,14.085755359355908,297.87249909899725,21.147073160059335,12.581359969268032,24.0,97.35176125810051,61.941124968798135,55.334481504740545
NAM,2026Q2,ADM2,mobile,Katima Muliro Rural,32259.240810108484,6299.047439575195,19.526335032662576,0.1426563483071803,8.0,19.0,8.0,5.060965919828586,16.859994419112336,31.883499999999998,1.447701401681876,56.12815616557224,38.77053382718633,1.7357545627386397,70.65646098542567,28.726177442940433,25.181826971379618,16.95091634111974
NAM,2026Q2,ADM2,mobile,Katima Muliro Urban,29009.718351364583,9726.477783203125,33.528342693287826,9.615818598906337,7.0,20.0,10.0,29.43617615715103,36.44606919229922,31.387,9.031976543309533,68.53,7.587486489960366,11.106734421120624,41.31068034310804,81.8984728158757,53.4764225896204,1171.7083585657847
NAM,2026Q2,ADM2,mobile,Katutura Central,29668.662276629304,15687.809692382812,52.87670049330288,1.0039139700537758,9.0,17.0,15.0,12.947122630663918,20.18745980464352,10.469,0.7913840422445847,50.34910205900533,63.62157861586558,6.682389440667281,19.624249313171156,66.33058998864702,38.550005397201005,104.94696575390213
NAM,2026Q2,ADM2,mobile,Katutura East,17426.353163004922,11721.033566951752,67.26039267834183,1.354146728328384,14.0,42.0,24.0,27.520936235620074,32.109300671390955,28.008000000000003,10.330132278680708,60.54561241256064,5.86106845287107,22.41844979008294,42.519044021626115,86.57617930520028,54.40719750894202,53.44865393162934
NAM,2026Q2,ADM2,mobile,Keetmanshoop Rural,14466.955244030372,42.55988693237305,0.2941868984486899,0.0018531475267015605,1.0,2.0,1.0,5.635,5.635,5.635,5.635,5.635,1.0,2.368,40.0,0.0,0.0,0.8284678236044417
NAM,2026Q2,ADM2,mobile,Keetmanshoop Urban,12065.523669983679,455.79841843247414,3.7776927956007293,0.012882143175029842,7.0,14.0,7.0,39.45344647767522,35.63625079827908,25.355,14.661948322829957,39.975,2.7264452936145855,21.137482714181093,15.450907866624426,99.17265521049201,85.27683236336554,0.6896590359766553
NAM,2026Q2,ADM2,mobile,Khomasdal North,31366.0887278667,19773.51776123047,63.04106939435838,0.06968942637204889,20.0,101.0,40.0,31.35909140141419,38.92320322240548,30.436,7.346717493616179,77.39473468584721,10.534600623080745,23.53637101441405,20.0,88.52229195650571,84.86874411004075,3.446254676500912
NAM,2026Q2,ADM2,mobile,Khorixas,117512.78632974625,93275.2717590332,79.3745724803925,26.563219301768587,16.0,98.0,32.0,16.193872485693845,88.25952800118235,10.43,1.2303529732425118,349.28398088917913,283.8892484395473,12.494948765353662,18.0,62.496661819459376,48.614538037163044,6113.957543244724
NAM,2026Q2,ADM2,mobile,Kongola,10758.058731573843,824.5804088115692,7.664769540544587,0.013676667071782007,2.0,2.0,2.0,5.864743087020521,5.864743087020521,8.506,5.857,10.10314308702052,1.7249689409288917,0.4381083083455427,33.0,0.14615113289017095,0.0,2.171975437614614
NAM,2026Q2,ADM2,mobile,Luderitz (1),14224.127664038433,181.97823578491807,1.2793630659333652,0.01977688568599958,16.0,23.0,17.0,20.736390439498308,24.783866101760786,20.756,7.013483136542305,49.82653922312141,7.104392817815518,5.3888554866055225,24.0,89.07573076497857,26.25741810361106,0.5439347074864578
NAM,2026Q2,ADM2,mobile,Luderitz (2),14653.994731318366,2755.6724157333374,18.804922932338325,0.030683313972281398,12.0,20.0,14.0,35.53117977717353,32.76301621145835,33.654,1.2798644105543517,63.24310580573439,49.41391078945753,18.847598996871415,28.71883153446562,80.16561432328494,60.50448296841281,1.1309960104353698
NAM,2026Q2,ADM2,mobile,Luderitz (3),15480.135577138706,2186.4420550465584,14.124178978610034,0.04263629033425026,13.0,39.0,15.0,21.500342142808872,28.08331191736134,8.483,10.237203667484346,49.07390079850398,4.79368218045458,19.58200132311374,30.56393346653072,86.47687108088176,33.703479209804144,1.5162414366862091
NAM,2026Q2,ADM2,mobile,Luderitz (4),25587.81417925745,5377.6165018081665,21.016318408969404,0.06686420638075397,16.0,24.0,19.0,9.10155784620996,14.838815570312997,9.753,2.4451332083004407,42.52543936716192,17.391870194556983,8.214291584343034,34.0,29.357534879571524,22.914407728572193,3.1493493415573863
NAM,2026Q2,ADM2,mobile,Luderitz (5),98869.04723851861,20989.851264953613,21.229951993282818,0.203221398629366,16.0,32.0,22.0,21.868348400902953,39.35812509436028,25.218,4.491528087897057,95.6626266808497,21.298458967366525,9.02227913108416,30.601627948960036,74.09680014412922,44.35105807665314,37.09849750804248
NAM,2026Q2,ADM2,mobile,Luderitz (6),35670.95127210786,16251.782265663147,45.560271554548876,0.07329029530246554,13.0,27.0,17.0,30.565436176073078,57.74317751816305,25.744,3.3407446876480567,192.1659627576708,57.521894285480116,17.571704946464365,19.21084749740046,70.90682576791764,64.95546821933556,6.297832085539058
NAM,2026Q2,ADM2,mobile,Luderitz (7),40741.293163034774,15980.15767512843,39.223491535186426,0.18614491005246858,34.0,103.0,55.0,31.973655502958703,58.2422217102222,20.9585,5.066548464741169,145.0423363546152,28.62744477112682,11.963096281970595,32.0,71.82073641213398,55.50627067843064,6.931954340957121
NAM,2026Q2,ADM2,mobile,Mariental Rural,9258.765527462161,1707.75830078125,18.44477317970648,0.0018433117628416456,3.0,5.0,5.0,49.17953469083968,42.10576617624815,65.844,9.034,72.516,8.0270090768209,30.155470725245596,60.084131743840686,55.73281288375747,55.73281288375747,0.1904517961377288
NAM,2026Q2,ADM2,mobile,Mariental Urban,13194.52839628294,484.93073177337646,3.67524110910995,0.004766914883765067,4.0,19.0,4.0,40.536129799249174,39.17984934987103,34.796,25.268278196222553,59.71769899937422,2.3633465856134843,4.450073491094545,29.0,89.96372387120343,89.96372387120343,0.47412312738765744
NAM,2026Q2,ADM2,mobile,Mashare,35407.653941844816,689.6876640321319,1.947849086993753,0.030155798820009475,12.0,30.0,15.0,20.654118113548364,30.539499704273293,20.825499999999998,8.198004953941005,65.62784477941976,8.005343391244311,15.155867539856873,28.484557256762642,65.21717229880552,41.31502068533941,2.6442857565189244
NAM,2026Q2,ADM2,mobile,Mpungu,38313.77807945765,17.315080642700195,0.045192830127039514,0.004335685333178795,1.0,3.0,1.0,14.105,14.105,14.105,14.105,14.105,1.0,0.273,41.0,100.0,0.0,4.909571572562933
NAM,2026Q2,ADM2,mobile,Mukwe,32381.803169646366,24454.090258232318,75.51800043412892,2.9502934333416033,24.0,131.0,56.0,46.7991447563832,62.743126894439044,41.361000000000004,11.440366875568834,107.41436084236236,9.389066103443604,17.00904520150928,29.152927131319924,90.23079521616756,71.14093343404267,119.4371115617076
NAM,2026Q2,ADM2,mobile,Ndiyona,23662.870660982724,1.226983904838562,0.005185270723985799,0.009538694429051992,1.0,2.0,1.0,69.309,69.309,69.309,69.309,69.309,1.0,39.408,36.0,100.0,100.0,6.665825203812568
NAM,2026Q2,ADM2,mobile,Ogongo,46904.53553146124,1254.7920684814453,2.675204123148801,0.28226560344049184,6.0,6.0,6.0,86.29123800600108,87.58171007685829,67.5555,17.573576098309353,129.661,7.378179562011508,19.86509409292696,23.0,89.41315466963546,89.41315466963546,64.87765027427666
NAM,2026Q2,ADM2,mobile,Ohangwena,16869.12294354666,959.4974212646484,5.687891566595686,0.5575272427134343,7.0,12.0,8.0,25.811520636969984,46.54655732107448,38.913,2.7343568663796827,155.64768153867772,56.922958174350114,1.0933137895760636,50.20545309475036,44.18599656941232,44.18599656941232,39.61096281859474
NAM,2026Q2,ADM2,mobile,Okahandja,6692.371468804104,10.608960062265396,0.1585231798879982,0.013063672506484145,5.0,11.0,5.0,3.249870287113207,3.5339873213970985,3.26,3.196,10.159917562042274,3.178947923042013,1.7417941765499643,23.973681682109145,2.0307762092544306,0.0,0.5472831038159753
NAM,2026Q2,ADM2,mobile,Okahao,29024.574541270733,805.9862976074219,2.7769099473322885,0.18195035654133473,2.0,2.0,2.0,81.53732558985214,81.53732558985214,65.197,19.431,110.963,5.710617055221038,8.027445574400755,30.357040719963557,100.0,67.85203599817785,77.99895080264227
NAM,2026Q2,ADM2,mobile,Okakarara,40783.4697265625,40783.4697265625,100.0,67.78758632198901,4.0,16.0,12.0,142.15057891388233,120.48333782366812,135.95749999999998,15.027,183.267,12.195847474545818,17.78051000740271,65.12903870521676,100.0,78.5827551596584,21661.214727314804
NAM,2026Q2,ADM2,mobile,Okatana,36617.14936613381,5162.5891036987305,14.098828535444287,0.29414322154895534,11.0,22.0,12.0,50.30816654359476,43.51913946606383,50.112,11.56622126679264,65.27183069783159,5.643315063082113,27.646738285000215,24.247773535929756,96.64570610256747,74.24854070009418,28.783561718311407
NAM,2026Q2,ADM2,mobile,Okatyali,17821.873562613382,482.9083480834961,2.709638503420529,0.22901785919271386,3.0,3.0,3.0,103.0571598077641,84.47937383450137,102.221,2.3798747837125056,106.273,44.65487038533117,49.19906467636382,23.0,81.1182479939455,81.1182479939455,40.23127690130317
NAM,2026Q2,ADM2,mobile,Okongo,19327.83489297929,69.91134023666382,0.36171325253848613,0.16739340699704017,3.0,8.0,3.0,80.88303125703077,80.79564904769069,71.787,72.58984375984308,81.73,1.1259150835259586,42.57610854431886,34.0,100.0,100.0,31.792515754864212
NAM,2026Q2,ADM2,mobile,Omaruru,15264.290503630871,1046.8469581604004,6.858143573141445,0.006712783633682485,11.0,16.0,12.0,52.85740292926698,49.85919734821999,5.383,4.535108805750874,74.605,16.450542466675774,7.1391687361569796,30.846999616232313,84.03789422356152,77.06966594316388,0.3025234570632733
NAM,2026Q2,ADM2,mobile,Omatako,16516.01600372879,3887.502372741699,23.537773103780143,0.010733167371093724,7.0,9.0,8.0,6.416674882639568,12.503557782176772,12.137,3.478,29.86,8.58539390454284,18.356943777099964,29.764308419053986,30.895193150942745,30.359381590682787,0.7716936902475459
NAM,2026Q2,ADM2,mobile,Omundaungilo,12311.800447757441,989.3858032226562,8.03607731802435,0.24509582857209813,2.0,4.0,3.0,26.597624721554716,26.59762472155472,24.6995,7.261,42.138,5.803332874259744,3.2299242193307043,149.76516469950798,55.442339425852914,55.442339425852914,44.43939151797989
NAM,2026Q2,ADM2,mobile,Omuntele,23494.005477856354,727.2988910675049,3.0956785625720613,0.018900432053602326,3.0,3.0,3.0,19.647643183467444,19.49224753027938,19.538,11.490901686922035,22.566124052097884,1.963825352172382,20.923287119975285,30.938402705917166,97.58501522528353,0.0,4.362278724734319
NAM,2026Q2,ADM2,mobile,Omuthiyagwipundi,15032.567455741524,8443.708709716797,56.16943835160916,0.08132223646740687,12.0,29.0,17.0,55.11051482819235,57.01995305686466,44.921499999999995,20.041272981135123,105.59811783915842,5.269032458095754,16.46645653747995,33.63029648938136,99.28051189126612,84.39430151381626,3.5150150316060795
NAM,2026Q2,ADM2,mobile,Onayena,9831.224346480023,1664.0875514000654,16.92655454450977,0.01507243715358452,19.0,45.0,20.0,7.234039130069947,11.301078580744813,13.797,2.613640571339891,29.582761175978522,11.318603445466422,4.399722535958023,36.41677655995115,17.258244992994985,11.214974424964215,0.2594691039593417
NAM,2026Q2,ADM2,mobile,Ondangwa,16764.03860818222,230.32051467895508,1.3738963507668125,0.06040256165397437,1.0,1.0,1.0,0.708,0.708,0.708,0.708,0.708,1.0,0.794,261.0,0.0,0.0,29.96085524725436
NAM,2026Q2,ADM2,mobile,Ondombe,38792.042193867295,1413.3511199951172,3.6434047811449237,0.20670908707872007,4.0,4.0,4.0,92.04668115953558,100.7941882125848,88.7115,53.571308522175656,159.491,2.9771720049358,61.75343384525242,29.0,100.0,100.0,58.900908402661976
NAM,2026Q2,ADM2,mobile,Onesi,52941.72319602966,19091.6142578125,36.06156563344403,3.7255230894671274,23.0,39.0,27.0,33.61765188693209,41.37401904138978,29.151,6.580561693194749,69.84611663451726,10.61400529178964,12.941438250356613,28.450639988922774,82.98354828466475,55.92636700241924,253.28055006979412
NAM,2026Q2,ADM2,mobile,Ongenga,26499.3679460812,625.0396728515625,2.358696532397842,0.10728221954208933,1.0,2.0,1.0,0.68,0.68,0.68,0.68,0.68,1.0,19.189,35.0,0.0,0.0,83.53850382186768
NAM,2026Q2,ADM2,mobile,Oniipa,20530.242872705006,3441.570968531072,16.76342062716972,0.013635938932687068,18.0,37.0,22.0,27.93998706261604,33.278465706253634,19.983,5.293190647663024,80.63842702992677,15.234370419952498,31.13756144360543,29.0,77.5443935544716,50.53957117998865,0.536041562708252
NAM,2026Q2,ADM2,mobile,Onyaanya,19831.924344653504,1558.4629362225637,7.858354585961853,0.015549780338164964,21.0,32.0,22.0,20.312404520558914,27.113346948262077,17.182,7.3338833622935224,58.23182242929911,7.940107519120442,18.11389116574128,30.46308156944294,80.73707164407847,42.130520229435156,0.4746256358997953
NAM,2026Q2,ADM2,mobile,Opuwo,73050.24237060547,72562.5210571289,99.33234812418252,84.69318908567111,55.0,525.0,186.0,38.001784020635334,58.96281356128124,36.839,5.64652765997973,132.96354411094728,23.547842518037818,19.37140251614073,21.149480826342373,84.81570844716713,61.17714431699347,3547.8684440753727
NAM,2026Q2,ADM2,mobile,Oranjemund,12512.440933555321,1245.4542384445667,9.953727214843921,0.026928423872246393,7.0,11.0,8.0,52.09917450929992,49.99102679448863,37.547,27.222016387938034,61.11281400714488,2.244977489405367,20.781787518339236,48.97408413484588,95.699513092271,89.73806005748465,1.4850153894703702
NAM,2026Q2,ADM2,mobile,Oshikango,31690.42645049095,2726.5632934570312,8.603744407531604,0.3456826148134779,3.0,3.0,3.0,98.5201824535485,98.69033411664255,51.863,32.153777277861174,123.51,3.8412283238971208,33.02001141505866,26.487908432516573,100.0,100.0,107.28350613744948
NAM,2026Q2,ADM2,mobile,Otavi,4488.908452240039,167.35040283203125,3.7280867857423257,0.0057295777242154745,1.0,3.0,2.0,6.739,6.739,6.739,6.739,6.739,1.0,8.237,30.0,0.0,0.0,0.7710352419425551
NAM,2026Q2,ADM2,mobile,Otjinene,35624.70981121063,9043.524108886719,25.385537613672966,2.3700542404237774,13.0,31.0,16.0,12.540220667165652,33.71866216809822,33.46,1.6273246317933596,111.03346918403378,68.23068182878276,4.692413453761591,33.22136221234773,61.62706435840579,45.640774936479836,191.58058024263426
NAM,2026Q2,ADM2,mobile,Otjiwarongo,30714.660379850364,0.0,0.0,0.01877247035918822,1.0,1.0,1.0,67.271,67.271,67.271,67.271,67.271,1.0,74.234,25.0,100.0,100.0,17.084771433916618
NAM,2026Q2,ADM2,mobile,Otjombinde,25088.104606797202,13284.143310546875,52.949967798475136,1.8311094106930434,13.0,32.0,16.0,28.375683961332605,79.98355651846644,49.88,4.386170897427613,264.23176405485987,60.242012961653096,9.596145002263771,141.9062506678982,79.22627462168123,73.74985276644972,104.20933868920241
NAM,2026Q2,ADM2,mobile,Outjo,83820.85149267357,77379.39138513803,92.31520559284876,14.439941050957684,87.0,717.0,274.0,29.54074030427595,51.77592469439968,29.795,14.34509397001077,116.03376793565398,8.088742268139137,21.11946760459698,21.510524499531932,93.54504633710641,57.27975936041973,436.8415287065179
NAM,2026Q2,ADM2,mobile,Rehoboth East,28370.294501401248,1736.5323638916016,6.120952899540158,0.004464975498291335,2.0,7.0,2.0,26.3053762672566,26.305376267256598,14.286,4.255776267256598,28.067,6.595036542673526,4.122483923454062,29.12782989135356,93.60850543232203,93.60850543232203,1.9379716502370683
NAM,2026Q2,ADM2,mobile,Rehoboth Rural,31334.75241816394,7666.929615020752,24.46781615729771,0.023574254872763226,8.0,26.0,13.0,24.593669637632495,72.46936111092054,22.41,4.119454829868602,196.546,47.71165314762518,18.538225722807635,39.96680054021726,81.66270619057767,51.61796521217609,2.7814699136661853
NAM,2026Q2,ADM2,mobile,Ruacana,36521.94828438803,1753.9174499511719,4.802365515371248,0.04312788267743016,3.0,4.0,3.0,14.67027565964467,14.727701124420367,12.087,11.88977116872176,15.467,1.300866078961116,9.91275141054276,43.9565917881133,100.0,0.0,15.478020509943864
NAM,2026Q2,ADM2,mobile,Rundu Rural,36818.062374106055,1291.4674315452576,3.50770069978897,0.04434987447134961,6.0,21.0,7.0,55.89266160178488,54.29611032734791,4.7490000000000006,6.675046033543199,64.845,9.714539746114596,41.05814117256041,32.18213896714844,88.90799652918925,88.90799652918925,8.0020450844785
NAM,2026Q2,ADM2,mobile,Rundu Urban,29325.85478286445,18767.748779296875,63.997277890986354,24.10095026175196,11.0,53.0,23.0,40.31382643486475,46.31440854913459,28.218,8.191295280531829,100.60904969924256,12.282434737563314,8.196015028280966,26.0,84.62990042089189,67.32667360040332,1897.8499411619619
NAM,2026Q2,ADM2,mobile,Sesfontein,15105.04944263755,442.6551592350006,2.9305111573187075,0.01093360122808489,6.0,9.0,8.0,8.046221574325193,19.35653606927794,9.4085,6.284,40.552,6.453214513049013,7.442315754853345,21.352797750379004,36.71693078391285,36.71693078391285,0.850131725262488
NAM,2026Q2,ADM2,mobile,Sibinda,20367.11426389358,11.608002662658691,0.056993850538940266,0.026801060679123495,3.0,3.0,3.0,28.72601862061541,28.726018620615406,14.004,6.6068186206154085,29.329,4.439201631551386,8.65997406176894,37.86914939866514,97.819156644419,97.819156644419,5.386422357216901
NAM,2026Q2,ADM2,mobile,Soweto,15942.107670973468,8906.095235824585,55.86523074386409,0.06158806891972778,26.0,57.0,43.0,64.20111857913753,71.5544988902163,37.998,19.682402284975858,153.80373530746485,7.814276584767686,26.770610368310017,23.659674532225477,93.94208656732826,88.70096263154782,1.180107158403428
NAM,2026Q2,ADM2,mobile,Swakopmund,4982.148852647109,2169.4409667253494,43.544282414859694,0.08884368080393779,17.0,31.0,22.0,28.886966507880217,114.26892809111081,29.5,8.609765738246697,429.8758022396735,49.92886163325669,11.329753246321687,44.56342741831325,83.5491981729291,53.04354573762553,0.842091214831853
NAM,2026Q2,ADM2,mobile,Tsandi,52464.01766362786,3578.5518188476562,6.8209641163806385,0.13724224476876848,4.0,10.0,4.0,7.4814948284191445,19.593306701986098,10.452,3.758,77.76410020880238,20.692948432358268,21.36990265123005,35.591484228632666,40.793839190136175,14.781417739249274,52.92905677013445
NAM,2026Q2,ADM2,mobile,Tsumeb,17631.2247636525,1012.8049697875977,5.74438238616036,0.010881480541902315,3.0,3.0,3.0,64.08013042764854,63.54328333741103,44.32,46.319355819418604,65.735,1.4191691321501867,24.988918220954176,25.155153232583427,100.0,100.0,1.8975377141838494
NAM,2026Q2,ADM2,mobile,Tsumkwe,43810.98242460253,1781.1190719604492,4.065462524210009,0.0026231425571637103,2.0,11.0,3.0,1.4236082803792298,1.4236082803792298,7.38,1.015,11.607608280379228,11.436067271309586,30.859839388319553,44.84680678218882,3.2098058160190885,0.0,1.701499991507729
NAM,2026Q2,ADM2,mobile,Walvisbay Rural,40604.09682421036,4801.4968782663345,11.825153750011308,0.017149999281182653,6.0,8.0,6.0,58.15660894293918,64.90472319928983,48.226,33.42321814091116,92.506,2.7677167294303566,29.531232799405476,20.581302196738733,100.0,100.0,3.7138671324134087
NAM,2026Q2,ADM2,mobile,Walvisbay Urban,31847.55907757343,9957.434123270332,31.265925589513095,0.08002648360602287,92.0,253.0,137.0,48.268152075575124,75.9286626009584,33.307500000000005,1.9029273498973964,219.73918105392863,115.47428810972563,15.083644894642068,25.0,74.2865594758936,63.51023455997611,0.8703094203160087
NAM,2026Q2,ADM2,mobile,Wanaheda,17678.530696741112,4096.652376651764,23.173036531859218,0.037598276102169564,17.0,41.0,24.0,54.072021535474924,135.2931063438223,20.932,15.73216403484992,309.0594787792403,19.645070957473564,11.532311310748426,24.220749047543816,98.19748252439796,77.62948994831669,1.2160680239449877
NAM,2026Q2,ADM2,mobile,Windhoek East,84557.65445232441,80321.74401855469,94.99050622772651,49.16378585812028,40.0,292.0,92.0,24.911089055389827,33.877304599195526,22.0835,5.314740639667084,65.10203573726334,12.249334473890965,12.524700807334144,30.72850859705324,74.17980217195864,49.978634912789325,3258.509940333852
NAM,2026Q2,ADM2,mobile,Windhoek Rural,83241.94663734961,75462.96214914322,90.65497047768936,14.062096487157092,92.0,782.0,284.0,62.15877808008085,77.1309211608593,50.748999999999995,12.670061255965729,152.71287438500536,12.05304941308789,10.503788731600316,22.0,93.3290756301932,68.38922375593171,399.13822994316564
NAM,2026Q2,ADM2,mobile,Windhoek West,33529.95826476737,29627.66325545311,88.36176598103698,11.827527259646654,62.0,422.0,234.0,79.6734852286496,107.43822880276787,94.231,20.258424995024683,221.42686828616647,10.930112698324141,20.218054835465587,19.528174629367772,94.7634224840064,84.95090375975371,200.6663070448199
